ds,hour,station_key,guests_count,version,required,actual,diff,status
2026-04-06,7,BVR,48,будни/утр.,1,1,0,exact
2026-04-06,7,C,48,будни/утр.,2,2,0,exact
2026-04-06,7,FF,48,будни/утр.,1,1,0,exact
2026-04-06,7,K,48,будни/утр.,3,3,0,exact
2026-04-06,7,TS,48,будни/утр.,1,1,0,exact
2026-04-06,8,BVR,79,будни/утр.,1,1,0,exact
2026-04-06,8,C,79,будни/утр.,2,2,0,exact
2026-04-06,8,FF,79,будни/утр.,1,1,0,exact
2026-04-06,8,K,79,будни/утр.,4,4,0,exact
2026-04-06,8,TS,79,будни/утр.,1,1,0,exact
2026-04-06,9,BVR,87,будни/утр.,1,1,0,exact
2026-04-06,9,C,87,будни/утр.,2,2,0,exact
2026-04-06,9,FF,87,будни/утр.,1,1,0,exact
2026-04-06,9,K,87,будни/утр.,5,5,0,exact
2026-04-06,9,TS,87,будни/утр.,1,1,0,exact
2026-04-06,10,BVR,72,будни/осн.,1,1,0,exact
2026-04-06,10,C,72,будни/осн.,2,2,0,exact
2026-04-06,10,FF,72,будни/осн.,1,1,0,exact
2026-04-06,10,K,72,будни/осн.,5,5,0,exact
2026-04-06,10,TS,72,будни/осн.,1,1,0,exact
2026-04-06,11,BVR,98,будни/осн.,1,1,0,exact
2026-04-06,11,C,98,будни/осн.,2,2,0,exact
2026-04-06,11,FF,98,будни/осн.,1,1,0,exact
2026-04-06,11,K,98,будни/осн.,5,5,0,exact
2026-04-06,11,TS,98,будни/осн.,1,1,0,exact
2026-04-06,12,BVR,165,будни/осн.,1,1,0,exact
2026-04-06,12,C,165,будни/осн.,5,5,0,exact
2026-04-06,12,FF,165,будни/осн.,1,1,0,exact
2026-04-06,12,K,165,будни/осн.,7,7,0,exact
2026-04-06,12,TS,165,будни/осн.,1,1,0,exact
2026-04-06,13,BVR,177,будни/осн.,1,1,0,exact
2026-04-06,13,C,177,будни/осн.,5,5,0,exact
2026-04-06,13,FF,177,будни/осн.,1,1,0,exact
2026-04-06,13,K,177,будни/осн.,7,7,0,exact
2026-04-06,13,TS,177,будни/осн.,1,1,0,exact
2026-04-06,14,BVR,143,будни/осн.,1,1,0,exact
2026-04-06,14,C,143,будни/осн.,4,4,0,exact
2026-04-06,14,FF,143,будни/осн.,1,1,0,exact
2026-04-06,14,K,143,будни/осн.,6,6,0,exact
2026-04-06,14,TS,143,будни/осн.,1,1,0,exact
2026-04-06,15,BVR,133,будни/осн.,1,1,0,exact
2026-04-06,15,C,133,будни/осн.,4,4,0,exact
2026-04-06,15,FF,133,будни/осн.,1,1,0,exact
2026-04-06,15,K,133,будни/осн.,6,6,0,exact
2026-04-06,15,TS,133,будни/осн.,1,1,0,exact
2026-04-06,16,BVR,122,будни/осн.,1,1,0,exact
2026-04-06,16,C,122,будни/осн.,3,3,0,exact
2026-04-06,16,FF,122,будни/осн.,1,1,0,exact
2026-04-06,16,K,122,будни/осн.,5,5,0,exact
2026-04-06,16,TS,122,будни/осн.,1,1,0,exact
2026-04-06,17,BVR,121,будни/осн.,1,1,0,exact
2026-04-06,17,C,121,будни/осн.,3,3,0,exact
2026-04-06,17,FF,121,будни/осн.,1,1,0,exact
2026-04-06,17,K,121,будни/осн.,5,5,0,exact
2026-04-06,17,TS,121,будни/осн.,1,1,0,exact
2026-04-06,18,BVR,135,будни/осн.,1,1,0,exact
2026-04-06,18,C,135,будни/осн.,4,4,0,exact
2026-04-06,18,FF,135,будни/осн.,1,1,0,exact
2026-04-06,18,K,135,будни/осн.,6,6,0,exact
2026-04-06,18,TS,135,будни/осн.,1,1,0,exact
2026-04-06,19,BVR,119,будни/осн.,1,1,0,exact
2026-04-06,19,C,119,будни/осн.,3,3,0,exact
2026-04-06,19,FF,119,будни/осн.,1,1,0,exact
2026-04-06,19,K,119,будни/осн.,5,5,0,exact
2026-04-06,19,TS,119,будни/осн.,1,1,0,exact
2026-04-06,20,BVR,105,будни/осн.,1,1,0,exact
2026-04-06,20,C,105,будни/осн.,3,3,0,exact
2026-04-06,20,FF,105,будни/осн.,1,1,0,exact
2026-04-06,20,K,105,будни/осн.,5,5,0,exact
2026-04-06,20,TS,105,будни/осн.,1,1,0,exact
2026-04-06,21,BVR,81,будни/осн.,1,1,0,exact
2026-04-06,21,C,81,будни/осн.,2,2,0,exact
2026-04-06,21,FF,81,будни/осн.,1,1,0,exact
2026-04-06,21,K,81,будни/осн.,5,5,0,exact
2026-04-06,21,TS,81,будни/осн.,1,1,0,exact
2026-04-06,22,BVR,63,будни/осн.,1,1,0,exact
2026-04-06,22,C,63,будни/осн.,2,2,0,exact
2026-04-06,22,FF,63,будни/осн.,1,1,0,exact
2026-04-06,22,K,63,будни/осн.,4,4,0,exact
2026-04-06,22,TS,63,будни/осн.,1,1,0,exact
2026-04-07,7,BVR,50,будни/утр.,1,1,0,exact
2026-04-07,7,C,50,будни/утр.,2,2,0,exact
2026-04-07,7,FF,50,будни/утр.,1,1,0,exact
2026-04-07,7,K,50,будни/утр.,3,3,0,exact
2026-04-07,7,TS,50,будни/утр.,1,1,0,exact
2026-04-07,8,BVR,85,будни/утр.,1,1,0,exact
2026-04-07,8,C,85,будни/утр.,2,2,0,exact
2026-04-07,8,FF,85,будни/утр.,1,1,0,exact
2026-04-07,8,K,85,будни/утр.,5,5,0,exact
2026-04-07,8,TS,85,будни/утр.,1,1,0,exact
2026-04-07,9,BVR,89,будни/утр.,1,1,0,exact
2026-04-07,9,C,89,будни/утр.,2,2,0,exact
2026-04-07,9,FF,89,будни/утр.,1,1,0,exact
2026-04-07,9,K,89,будни/утр.,5,5,0,exact
2026-04-07,9,TS,89,будни/утр.,1,1,0,exact
2026-04-07,10,BVR,79,будни/осн.,1,1,0,exact
2026-04-07,10,C,79,будни/осн.,2,2,0,exact
2026-04-07,10,FF,79,будни/осн.,1,1,0,exact
2026-04-07,10,K,79,будни/осн.,5,5,0,exact
2026-04-07,10,TS,79,будни/осн.,1,1,0,exact
2026-04-07,11,BVR,101,будни/осн.,1,1,0,exact
2026-04-07,11,C,101,будни/осн.,2,2,0,exact
2026-04-07,11,FF,101,будни/осн.,1,1,0,exact
2026-04-07,11,K,101,будни/осн.,5,5,0,exact
2026-04-07,11,TS,101,будни/осн.,1,1,0,exact
2026-04-07,12,BVR,189,будни/осн.,1,1,0,exact
2026-04-07,12,C,189,будни/осн.,5,5,0,exact
2026-04-07,12,FF,189,будни/осн.,1,1,0,exact
2026-04-07,12,K,189,будни/осн.,7,7,0,exact
2026-04-07,12,TS,189,будни/осн.,1,1,0,exact
2026-04-07,13,BVR,184,будни/осн.,1,1,0,exact
2026-04-07,13,C,184,будни/осн.,5,5,0,exact
2026-04-07,13,FF,184,будни/осн.,1,1,0,exact
2026-04-07,13,K,184,будни/осн.,7,7,0,exact
2026-04-07,13,TS,184,будни/осн.,1,1,0,exact
2026-04-07,14,BVR,152,будни/осн.,1,1,0,exact
2026-04-07,14,C,152,будни/осн.,4,4,0,exact
2026-04-07,14,FF,152,будни/осн.,1,1,0,exact
2026-04-07,14,K,152,будни/осн.,6,6,0,exact
2026-04-07,14,TS,152,будни/осн.,1,1,0,exact
2026-04-07,15,BVR,138,будни/осн.,1,1,0,exact
2026-04-07,15,C,138,будни/осн.,4,4,0,exact
2026-04-07,15,FF,138,будни/осн.,1,1,0,exact
2026-04-07,15,K,138,будни/осн.,6,6,0,exact
2026-04-07,15,TS,138,будни/осн.,1,1,0,exact
2026-04-07,16,BVR,129,будни/осн.,1,1,0,exact
2026-04-07,16,C,129,будни/осн.,4,4,0,exact
2026-04-07,16,FF,129,будни/осн.,1,1,0,exact
2026-04-07,16,K,129,будни/осн.,5,5,0,exact
2026-04-07,16,TS,129,будни/осн.,1,1,0,exact
2026-04-07,17,BVR,131,будни/осн.,1,1,0,exact
2026-04-07,17,C,131,будни/осн.,4,4,0,exact
2026-04-07,17,FF,131,будни/осн.,1,1,0,exact
2026-04-07,17,K,131,будни/осн.,5,5,0,exact
2026-04-07,17,TS,131,будни/осн.,1,1,0,exact
2026-04-07,18,BVR,144,будни/осн.,1,1,0,exact
2026-04-07,18,C,144,будни/осн.,4,4,0,exact
2026-04-07,18,FF,144,будни/осн.,1,1,0,exact
2026-04-07,18,K,144,будни/осн.,6,6,0,exact
2026-04-07,18,TS,144,будни/осн.,1,1,0,exact
2026-04-07,19,BVR,132,будни/осн.,1,1,0,exact
2026-04-07,19,C,132,будни/осн.,4,4,0,exact
2026-04-07,19,FF,132,будни/осн.,1,1,0,exact
2026-04-07,19,K,132,будни/осн.,6,6,0,exact
2026-04-07,19,TS,132,будни/осн.,1,1,0,exact
2026-04-07,20,BVR,108,будни/осн.,1,1,0,exact
2026-04-07,20,C,108,будни/осн.,3,3,0,exact
2026-04-07,20,FF,108,будни/осн.,1,1,0,exact
2026-04-07,20,K,108,будни/осн.,5,5,0,exact
2026-04-07,20,TS,108,будни/осн.,1,1,0,exact
2026-04-07,21,BVR,81,будни/осн.,1,1,0,exact
2026-04-07,21,C,81,будни/осн.,2,2,0,exact
2026-04-07,21,FF,81,будни/осн.,1,1,0,exact
2026-04-07,21,K,81,будни/осн.,5,5,0,exact
2026-04-07,21,TS,81,будни/осн.,1,1,0,exact
2026-04-07,22,BVR,68,будни/осн.,1,1,0,exact
2026-04-07,22,C,68,будни/осн.,2,2,0,exact
2026-04-07,22,FF,68,будни/осн.,1,1,0,exact
2026-04-07,22,K,68,будни/осн.,4,4,0,exact
2026-04-07,22,TS,68,будни/осн.,1,1,0,exact
2026-04-08,7,BVR,51,будни/утр.,1,1,0,exact
2026-04-08,7,C,51,будни/утр.,2,2,0,exact
2026-04-08,7,FF,51,будни/утр.,1,1,0,exact
2026-04-08,7,K,51,будни/утр.,3,3,0,exact
2026-04-08,7,TS,51,будни/утр.,1,1,0,exact
2026-04-08,8,BVR,81,будни/утр.,1,1,0,exact
2026-04-08,8,C,81,будни/утр.,2,2,0,exact
2026-04-08,8,FF,81,будни/утр.,1,1,0,exact
2026-04-08,8,K,81,будни/утр.,4,4,0,exact
2026-04-08,8,TS,81,будни/утр.,1,1,0,exact
2026-04-08,9,BVR,93,будни/утр.,1,1,0,exact
2026-04-08,9,C,93,будни/утр.,2,2,0,exact
2026-04-08,9,FF,93,будни/утр.,1,1,0,exact
2026-04-08,9,K,93,будни/утр.,5,5,0,exact
2026-04-08,9,TS,93,будни/утр.,1,1,0,exact
2026-04-08,10,BVR,85,будни/осн.,1,1,0,exact
2026-04-08,10,C,85,будни/осн.,2,2,0,exact
2026-04-08,10,FF,85,будни/осн.,1,1,0,exact
2026-04-08,10,K,85,будни/осн.,5,5,0,exact
2026-04-08,10,TS,85,будни/осн.,1,1,0,exact
2026-04-08,11,BVR,103,будни/осн.,1,1,0,exact
2026-04-08,11,C,103,будни/осн.,3,3,0,exact
2026-04-08,11,FF,103,будни/осн.,1,1,0,exact
2026-04-08,11,K,103,будни/осн.,5,5,0,exact
2026-04-08,11,TS,103,будни/осн.,1,1,0,exact
2026-04-08,12,BVR,177,будни/осн.,1,1,0,exact
2026-04-08,12,C,177,будни/осн.,5,5,0,exact
2026-04-08,12,FF,177,будни/осн.,1,1,0,exact
2026-04-08,12,K,177,будни/осн.,7,7,0,exact
2026-04-08,12,TS,177,будни/осн.,1,1,0,exact
2026-04-08,13,BVR,190,будни/осн.,1,1,0,exact
2026-04-08,13,C,190,будни/осн.,5,5,0,exact
2026-04-08,13,FF,190,будни/осн.,1,1,0,exact
2026-04-08,13,K,190,будни/осн.,7,7,0,exact
2026-04-08,13,TS,190,будни/осн.,1,1,0,exact
2026-04-08,14,BVR,151,будни/осн.,1,1,0,exact
2026-04-08,14,C,151,будни/осн.,4,4,0,exact
2026-04-08,14,FF,151,будни/осн.,1,1,0,exact
2026-04-08,14,K,151,будни/осн.,6,6,0,exact
2026-04-08,14,TS,151,будни/осн.,1,1,0,exact
2026-04-08,15,BVR,136,будни/осн.,1,1,0,exact
2026-04-08,15,C,136,будни/осн.,4,4,0,exact
2026-04-08,15,FF,136,будни/осн.,1,1,0,exact
2026-04-08,15,K,136,будни/осн.,6,6,0,exact
2026-04-08,15,TS,136,будни/осн.,1,1,0,exact
2026-04-08,16,BVR,126,будни/осн.,1,1,0,exact
2026-04-08,16,C,126,будни/осн.,4,4,0,exact
2026-04-08,16,FF,126,будни/осн.,1,1,0,exact
2026-04-08,16,K,126,будни/осн.,5,5,0,exact
2026-04-08,16,TS,126,будни/осн.,1,1,0,exact
2026-04-08,17,BVR,137,будни/осн.,1,1,0,exact
2026-04-08,17,C,137,будни/осн.,4,4,0,exact
2026-04-08,17,FF,137,будни/осн.,1,1,0,exact
2026-04-08,17,K,137,будни/осн.,6,6,0,exact
2026-04-08,17,TS,137,будни/осн.,1,1,0,exact
2026-04-08,18,BVR,143,будни/осн.,1,1,0,exact
2026-04-08,18,C,143,будни/осн.,4,4,0,exact
2026-04-08,18,FF,143,будни/осн.,1,1,0,exact
2026-04-08,18,K,143,будни/осн.,6,6,0,exact
2026-04-08,18,TS,143,будни/осн.,1,1,0,exact
2026-04-08,19,BVR,135,будни/осн.,1,1,0,exact
2026-04-08,19,C,135,будни/осн.,4,4,0,exact
2026-04-08,19,FF,135,будни/осн.,1,1,0,exact
2026-04-08,19,K,135,будни/осн.,6,6,0,exact
2026-04-08,19,TS,135,будни/осн.,1,1,0,exact
2026-04-08,20,BVR,111,будни/осн.,1,1,0,exact
2026-04-08,20,C,111,будни/осн.,3,3,0,exact
2026-04-08,20,FF,111,будни/осн.,1,1,0,exact
2026-04-08,20,K,111,будни/осн.,5,5,0,exact
2026-04-08,20,TS,111,будни/осн.,1,1,0,exact
2026-04-08,21,BVR,88,будни/осн.,1,1,0,exact
2026-04-08,21,C,88,будни/осн.,2,2,0,exact
2026-04-08,21,FF,88,будни/осн.,1,1,0,exact
2026-04-08,21,K,88,будни/осн.,5,5,0,exact
2026-04-08,21,TS,88,будни/осн.,1,1,0,exact
2026-04-08,22,BVR,68,будни/осн.,1,1,0,exact
2026-04-08,22,C,68,будни/осн.,2,2,0,exact
2026-04-08,22,FF,68,будни/осн.,1,1,0,exact
2026-04-08,22,K,68,будни/осн.,4,4,0,exact
2026-04-08,22,TS,68,будни/осн.,1,1,0,exact
2026-04-09,7,BVR,51,будни/утр.,1,1,0,exact
2026-04-09,7,C,51,будни/утр.,2,2,0,exact
2026-04-09,7,FF,51,будни/утр.,1,1,0,exact
2026-04-09,7,K,51,будни/утр.,3,3,0,exact
2026-04-09,7,TS,51,будни/утр.,1,1,0,exact
2026-04-09,8,BVR,88,будни/утр.,1,1,0,exact
2026-04-09,8,C,88,будни/утр.,2,2,0,exact
2026-04-09,8,FF,88,будни/утр.,1,1,0,exact
2026-04-09,8,K,88,будни/утр.,5,5,0,exact
2026-04-09,8,TS,88,будни/утр.,1,1,0,exact
2026-04-09,9,BVR,100,будни/утр.,1,1,0,exact
2026-04-09,9,C,100,будни/утр.,2,2,0,exact
2026-04-09,9,FF,100,будни/утр.,1,1,0,exact
2026-04-09,9,K,100,будни/утр.,5,5,0,exact
2026-04-09,9,TS,100,будни/утр.,1,1,0,exact
2026-04-09,10,BVR,82,будни/осн.,1,1,0,exact
2026-04-09,10,C,82,будни/осн.,2,2,0,exact
2026-04-09,10,FF,82,будни/осн.,1,1,0,exact
2026-04-09,10,K,82,будни/осн.,5,5,0,exact
2026-04-09,10,TS,82,будни/осн.,1,1,0,exact
2026-04-09,11,BVR,102,будни/осн.,1,1,0,exact
2026-04-09,11,C,102,будни/осн.,2,3,1,over
2026-04-09,11,FF,102,будни/осн.,1,1,0,exact
2026-04-09,11,K,102,будни/осн.,5,5,0,exact
2026-04-09,11,TS,102,будни/осн.,1,1,0,exact
2026-04-09,12,BVR,176,будни/осн.,1,1,0,exact
2026-04-09,12,C,176,будни/осн.,5,5,0,exact
2026-04-09,12,FF,176,будни/осн.,1,1,0,exact
2026-04-09,12,K,176,будни/осн.,7,7,0,exact
2026-04-09,12,TS,176,будни/осн.,1,1,0,exact
2026-04-09,13,BVR,192,будни/осн.,1,1,0,exact
2026-04-09,13,C,192,будни/осн.,6,6,0,exact
2026-04-09,13,FF,192,будни/осн.,1,1,0,exact
2026-04-09,13,K,192,будни/осн.,7,7,0,exact
2026-04-09,13,TS,192,будни/осн.,1,1,0,exact
2026-04-09,14,BVR,152,будни/осн.,1,1,0,exact
2026-04-09,14,C,152,будни/осн.,4,4,0,exact
2026-04-09,14,FF,152,будни/осн.,1,1,0,exact
2026-04-09,14,K,152,будни/осн.,6,6,0,exact
2026-04-09,14,TS,152,будни/осн.,1,1,0,exact
2026-04-09,15,BVR,145,будни/осн.,1,1,0,exact
2026-04-09,15,C,145,будни/осн.,4,4,0,exact
2026-04-09,15,FF,145,будни/осн.,1,1,0,exact
2026-04-09,15,K,145,будни/осн.,6,6,0,exact
2026-04-09,15,TS,145,будни/осн.,1,1,0,exact
2026-04-09,16,BVR,130,будни/осн.,1,1,0,exact
2026-04-09,16,C,130,будни/осн.,4,4,0,exact
2026-04-09,16,FF,130,будни/осн.,1,1,0,exact
2026-04-09,16,K,130,будни/осн.,5,5,0,exact
2026-04-09,16,TS,130,будни/осн.,1,1,0,exact
2026-04-09,17,BVR,135,будни/осн.,1,1,0,exact
2026-04-09,17,C,135,будни/осн.,4,4,0,exact
2026-04-09,17,FF,135,будни/осн.,1,1,0,exact
2026-04-09,17,K,135,будни/осн.,6,6,0,exact
2026-04-09,17,TS,135,будни/осн.,1,1,0,exact
2026-04-09,18,BVR,149,будни/осн.,1,1,0,exact
2026-04-09,18,C,149,будни/осн.,4,4,0,exact
2026-04-09,18,FF,149,будни/осн.,1,1,0,exact
2026-04-09,18,K,149,будни/осн.,6,6,0,exact
2026-04-09,18,TS,149,будни/осн.,1,1,0,exact
2026-04-09,19,BVR,136,будни/осн.,1,1,0,exact
2026-04-09,19,C,136,будни/осн.,4,4,0,exact
2026-04-09,19,FF,136,будни/осн.,1,1,0,exact
2026-04-09,19,K,136,будни/осн.,6,6,0,exact
2026-04-09,19,TS,136,будни/осн.,1,1,0,exact
2026-04-09,20,BVR,114,будни/осн.,1,1,0,exact
2026-04-09,20,C,114,будни/осн.,3,3,0,exact
2026-04-09,20,FF,114,будни/осн.,1,1,0,exact
2026-04-09,20,K,114,будни/осн.,5,5,0,exact
2026-04-09,20,TS,114,будни/осн.,1,1,0,exact
2026-04-09,21,BVR,94,будни/осн.,1,1,0,exact
2026-04-09,21,C,94,будни/осн.,2,2,0,exact
2026-04-09,21,FF,94,будни/осн.,1,1,0,exact
2026-04-09,21,K,94,будни/осн.,5,5,0,exact
2026-04-09,21,TS,94,будни/осн.,1,1,0,exact
2026-04-09,22,BVR,76,будни/осн.,1,1,0,exact
2026-04-09,22,C,76,будни/осн.,2,2,0,exact
2026-04-09,22,FF,76,будни/осн.,1,1,0,exact
2026-04-09,22,K,76,будни/осн.,5,5,0,exact
2026-04-09,22,TS,76,будни/осн.,1,1,0,exact
2026-04-10,7,BVR,59,будни/утр.,1,1,0,exact
2026-04-10,7,C,59,будни/утр.,2,2,0,exact
2026-04-10,7,FF,59,будни/утр.,1,1,0,exact
2026-04-10,7,K,59,будни/утр.,3,3,0,exact
2026-04-10,7,TS,59,будни/утр.,1,1,0,exact
2026-04-10,8,BVR,94,будни/утр.,1,1,0,exact
2026-04-10,8,C,94,будни/утр.,2,2,0,exact
2026-04-10,8,FF,94,будни/утр.,1,1,0,exact
2026-04-10,8,K,94,будни/утр.,5,5,0,exact
2026-04-10,8,TS,94,будни/утр.,1,1,0,exact
2026-04-10,9,BVR,102,будни/утр.,1,1,0,exact
2026-04-10,9,C,102,будни/утр.,2,2,0,exact
2026-04-10,9,FF,102,будни/утр.,1,1,0,exact
2026-04-10,9,K,102,будни/утр.,5,5,0,exact
2026-04-10,9,TS,102,будни/утр.,1,1,0,exact
2026-04-10,10,BVR,87,будни/осн.,1,1,0,exact
2026-04-10,10,C,87,будни/осн.,2,2,0,exact
2026-04-10,10,FF,87,будни/осн.,1,1,0,exact
2026-04-10,10,K,87,будни/осн.,5,5,0,exact
2026-04-10,10,TS,87,будни/осн.,1,1,0,exact
2026-04-10,11,BVR,104,будни/осн.,1,1,0,exact
2026-04-10,11,C,104,будни/осн.,3,3,0,exact
2026-04-10,11,FF,104,будни/осн.,1,1,0,exact
2026-04-10,11,K,104,будни/осн.,5,5,0,exact
2026-04-10,11,TS,104,будни/осн.,1,1,0,exact
2026-04-10,12,BVR,190,будни/осн.,1,1,0,exact
2026-04-10,12,C,190,будни/осн.,5,5,0,exact
2026-04-10,12,FF,190,будни/осн.,1,1,0,exact
2026-04-10,12,K,190,будни/осн.,7,7,0,exact
2026-04-10,12,TS,190,будни/осн.,1,1,0,exact
2026-04-10,13,BVR,206,будни/осн.,1,1,0,exact
2026-04-10,13,C,206,будни/осн.,7,7,0,exact
2026-04-10,13,FF,206,будни/осн.,1,1,0,exact
2026-04-10,13,K,206,будни/осн.,8,8,0,exact
2026-04-10,13,TS,206,будни/осн.,4,2,-2,under
2026-04-10,14,BVR,167,будни/осн.,1,1,0,exact
2026-04-10,14,C,167,будни/осн.,5,5,0,exact
2026-04-10,14,FF,167,будни/осн.,1,1,0,exact
2026-04-10,14,K,167,будни/осн.,7,7,0,exact
2026-04-10,14,TS,167,будни/осн.,1,1,0,exact
2026-04-10,15,BVR,154,будни/осн.,1,1,0,exact
2026-04-10,15,C,154,будни/осн.,4,4,0,exact
2026-04-10,15,FF,154,будни/осн.,1,1,0,exact
2026-04-10,15,K,154,будни/осн.,6,6,0,exact
2026-04-10,15,TS,154,будни/осн.,1,1,0,exact
2026-04-10,16,BVR,142,будни/осн.,1,1,0,exact
2026-04-10,16,C,142,будни/осн.,4,4,0,exact
2026-04-10,16,FF,142,будни/осн.,1,1,0,exact
2026-04-10,16,K,142,будни/осн.,6,6,0,exact
2026-04-10,16,TS,142,будни/осн.,1,1,0,exact
2026-04-10,17,BVR,152,будни/осн.,1,1,0,exact
2026-04-10,17,C,152,будни/осн.,4,4,0,exact
2026-04-10,17,FF,152,будни/осн.,1,1,0,exact
2026-04-10,17,K,152,будни/осн.,6,6,0,exact
2026-04-10,17,TS,152,будни/осн.,1,1,0,exact
2026-04-10,18,BVR,164,будни/осн.,1,1,0,exact
2026-04-10,18,C,164,будни/осн.,5,5,0,exact
2026-04-10,18,FF,164,будни/осн.,1,1,0,exact
2026-04-10,18,K,164,будни/осн.,7,7,0,exact
2026-04-10,18,TS,164,будни/осн.,1,1,0,exact
2026-04-10,19,BVR,148,будни/осн.,1,1,0,exact
2026-04-10,19,C,148,будни/осн.,4,4,0,exact
2026-04-10,19,FF,148,будни/осн.,1,1,0,exact
2026-04-10,19,K,148,будни/осн.,6,6,0,exact
2026-04-10,19,TS,148,будни/осн.,1,1,0,exact
2026-04-10,20,BVR,129,будни/осн.,1,1,0,exact
2026-04-10,20,C,129,будни/осн.,4,4,0,exact
2026-04-10,20,FF,129,будни/осн.,1,1,0,exact
2026-04-10,20,K,129,будни/осн.,5,5,0,exact
2026-04-10,20,TS,129,будни/осн.,1,1,0,exact
2026-04-10,21,BVR,112,будни/осн.,1,1,0,exact
2026-04-10,21,C,112,будни/осн.,3,3,0,exact
2026-04-10,21,FF,112,будни/осн.,1,1,0,exact
2026-04-10,21,K,112,будни/осн.,5,5,0,exact
2026-04-10,21,TS,112,будни/осн.,1,1,0,exact
2026-04-10,22,BVR,94,будни/осн.,1,1,0,exact
2026-04-10,22,C,94,будни/осн.,2,2,0,exact
2026-04-10,22,FF,94,будни/осн.,1,1,0,exact
2026-04-10,22,K,94,будни/осн.,5,5,0,exact
2026-04-10,22,TS,94,будни/осн.,1,1,0,exact
2026-04-11,7,BVR,27,вых/утр.,1,1,0,exact
2026-04-11,7,C,27,вых/утр.,1,1,0,exact
2026-04-11,7,FF,27,вых/утр.,1,1,0,exact
2026-04-11,7,K,27,вых/утр.,2,2,0,exact
2026-04-11,7,TS,27,вых/утр.,1,1,0,exact
2026-04-11,8,BVR,54,вых/утр.,1,1,0,exact
2026-04-11,8,C,54,вых/утр.,2,2,0,exact
2026-04-11,8,FF,54,вых/утр.,1,1,0,exact
2026-04-11,8,K,54,вых/утр.,3,3,0,exact
2026-04-11,8,TS,54,вых/утр.,1,1,0,exact
2026-04-11,9,BVR,65,вых/утр.,1,1,0,exact
2026-04-11,9,C,65,вых/утр.,2,2,0,exact
2026-04-11,9,FF,65,вых/утр.,1,1,0,exact
2026-04-11,9,K,65,вых/утр.,3,3,0,exact
2026-04-11,9,TS,65,вых/утр.,1,1,0,exact
2026-04-11,10,BVR,68,вых/осн.,1,1,0,exact
2026-04-11,10,C,68,вых/осн.,2,2,0,exact
2026-04-11,10,FF,68,вых/осн.,1,1,0,exact
2026-04-11,10,K,68,вых/осн.,4,4,0,exact
2026-04-11,10,TS,68,вых/осн.,1,1,0,exact
2026-04-11,11,BVR,88,вых/осн.,1,1,0,exact
2026-04-11,11,C,88,вых/осн.,3,3,0,exact
2026-04-11,11,FF,88,вых/осн.,1,1,0,exact
2026-04-11,11,K,88,вых/осн.,5,5,0,exact
2026-04-11,11,TS,88,вых/осн.,1,1,0,exact
2026-04-11,12,BVR,117,вых/осн.,1,1,0,exact
2026-04-11,12,C,117,вых/осн.,4,4,0,exact
2026-04-11,12,FF,117,вых/осн.,1,1,0,exact
2026-04-11,12,K,117,вых/осн.,6,6,0,exact
2026-04-11,12,TS,117,вых/осн.,1,1,0,exact
2026-04-11,13,BVR,135,вых/осн.,1,1,0,exact
2026-04-11,13,C,135,вых/осн.,4,4,0,exact
2026-04-11,13,FF,135,вых/осн.,1,1,0,exact
2026-04-11,13,K,135,вых/осн.,7,7,0,exact
2026-04-11,13,TS,135,вых/осн.,2,2,0,exact
2026-04-11,14,BVR,139,вых/осн.,1,1,0,exact
2026-04-11,14,C,139,вых/осн.,4,4,0,exact
2026-04-11,14,FF,139,вых/осн.,1,1,0,exact
2026-04-11,14,K,139,вых/осн.,7,7,0,exact
2026-04-11,14,TS,139,вых/осн.,2,2,0,exact
2026-04-11,15,BVR,139,вых/осн.,1,1,0,exact
2026-04-11,15,C,139,вых/осн.,4,4,0,exact
2026-04-11,15,FF,139,вых/осн.,1,1,0,exact
2026-04-11,15,K,139,вых/осн.,7,7,0,exact
2026-04-11,15,TS,139,вых/осн.,2,2,0,exact
2026-04-11,16,BVR,138,вых/осн.,1,1,0,exact
2026-04-11,16,C,138,вых/осн.,4,4,0,exact
2026-04-11,16,FF,138,вых/осн.,1,1,0,exact
2026-04-11,16,K,138,вых/осн.,7,7,0,exact
2026-04-11,16,TS,138,вых/осн.,2,2,0,exact
2026-04-11,17,BVR,150,вых/осн.,1,1,0,exact
2026-04-11,17,C,150,вых/осн.,5,5,0,exact
2026-04-11,17,FF,150,вых/осн.,1,1,0,exact
2026-04-11,17,K,150,вых/осн.,7,7,0,exact
2026-04-11,17,TS,150,вых/осн.,2,2,0,exact
2026-04-11,18,BVR,143,вых/осн.,1,1,0,exact
2026-04-11,18,C,143,вых/осн.,4,4,0,exact
2026-04-11,18,FF,143,вых/осн.,1,1,0,exact
2026-04-11,18,K,143,вых/осн.,7,7,0,exact
2026-04-11,18,TS,143,вых/осн.,2,2,0,exact
2026-04-11,19,BVR,132,вых/осн.,1,1,0,exact
2026-04-11,19,C,132,вых/осн.,4,4,0,exact
2026-04-11,19,FF,132,вых/осн.,1,1,0,exact
2026-04-11,19,K,132,вых/осн.,6,6,0,exact
2026-04-11,19,TS,132,вых/осн.,2,2,0,exact
2026-04-11,20,BVR,115,вых/осн.,1,1,0,exact
2026-04-11,20,C,115,вых/осн.,4,4,0,exact
2026-04-11,20,FF,115,вых/осн.,1,1,0,exact
2026-04-11,20,K,115,вых/осн.,6,6,0,exact
2026-04-11,20,TS,115,вых/осн.,1,1,0,exact
2026-04-11,21,BVR,95,вых/осн.,1,1,0,exact
2026-04-11,21,C,95,вых/осн.,3,3,0,exact
2026-04-11,21,FF,95,вых/осн.,1,1,0,exact
2026-04-11,21,K,95,вых/осн.,5,5,0,exact
2026-04-11,21,TS,95,вых/осн.,1,1,0,exact
2026-04-11,22,BVR,85,вых/осн.,1,1,0,exact
2026-04-11,22,C,85,вых/осн.,3,3,0,exact
2026-04-11,22,FF,85,вых/осн.,1,1,0,exact
2026-04-11,22,K,85,вых/осн.,5,5,0,exact
2026-04-11,22,TS,85,вых/осн.,1,1,0,exact
2026-04-12,7,BVR,21,вых/утр.,1,1,0,exact
2026-04-12,7,C,21,вых/утр.,1,1,0,exact
2026-04-12,7,FF,21,вых/утр.,1,1,0,exact
2026-04-12,7,K,21,вых/утр.,2,2,0,exact
2026-04-12,7,TS,21,вых/утр.,1,1,0,exact
2026-04-12,8,BVR,34,вых/утр.,1,1,0,exact
2026-04-12,8,C,34,вых/утр.,1,1,0,exact
2026-04-12,8,FF,34,вых/утр.,1,1,0,exact
2026-04-12,8,K,34,вых/утр.,2,2,0,exact
2026-04-12,8,TS,34,вых/утр.,1,1,0,exact
2026-04-12,9,BVR,49,вых/утр.,1,1,0,exact
2026-04-12,9,C,49,вых/утр.,2,2,0,exact
2026-04-12,9,FF,49,вых/утр.,1,1,0,exact
2026-04-12,9,K,49,вых/утр.,2,2,0,exact
2026-04-12,9,TS,49,вых/утр.,1,1,0,exact
2026-04-12,10,BVR,55,вых/осн.,1,1,0,exact
2026-04-12,10,C,55,вых/осн.,2,2,0,exact
2026-04-12,10,FF,55,вых/осн.,1,1,0,exact
2026-04-12,10,K,55,вых/осн.,3,3,0,exact
2026-04-12,10,TS,55,вых/осн.,1,1,0,exact
2026-04-12,11,BVR,60,вых/осн.,1,1,0,exact
2026-04-12,11,C,60,вых/осн.,2,2,0,exact
2026-04-12,11,FF,60,вых/осн.,1,1,0,exact
2026-04-12,11,K,60,вых/осн.,3,3,0,exact
2026-04-12,11,TS,60,вых/осн.,1,1,0,exact
2026-04-12,12,BVR,85,вых/осн.,1,1,0,exact
2026-04-12,12,C,85,вых/осн.,3,3,0,exact
2026-04-12,12,FF,85,вых/осн.,1,1,0,exact
2026-04-12,12,K,85,вых/осн.,5,5,0,exact
2026-04-12,12,TS,85,вых/осн.,1,1,0,exact
2026-04-12,13,BVR,109,вых/осн.,1,1,0,exact
2026-04-12,13,C,109,вых/осн.,4,4,0,exact
2026-04-12,13,FF,109,вых/осн.,1,1,0,exact
2026-04-12,13,K,109,вых/осн.,5,5,0,exact
2026-04-12,13,TS,109,вых/осн.,1,1,0,exact
2026-04-12,14,BVR,116,вых/осн.,1,1,0,exact
2026-04-12,14,C,116,вых/осн.,4,4,0,exact
2026-04-12,14,FF,116,вых/осн.,1,1,0,exact
2026-04-12,14,K,116,вых/осн.,6,6,0,exact
2026-04-12,14,TS,116,вых/осн.,1,1,0,exact
2026-04-12,15,BVR,128,вых/осн.,1,1,0,exact
2026-04-12,15,C,128,вых/осн.,4,4,0,exact
2026-04-12,15,FF,128,вых/осн.,1,1,0,exact
2026-04-12,15,K,128,вых/осн.,6,6,0,exact
2026-04-12,15,TS,128,вых/осн.,2,2,0,exact
2026-04-12,16,BVR,120,вых/осн.,1,1,0,exact
2026-04-12,16,C,120,вых/осн.,4,4,0,exact
2026-04-12,16,FF,120,вых/осн.,1,1,0,exact
2026-04-12,16,K,120,вых/осн.,6,6,0,exact
2026-04-12,16,TS,120,вых/осн.,1,1,0,exact
2026-04-12,17,BVR,123,вых/осн.,1,1,0,exact
2026-04-12,17,C,123,вых/осн.,4,4,0,exact
2026-04-12,17,FF,123,вых/осн.,1,1,0,exact
2026-04-12,17,K,123,вых/осн.,6,6,0,exact
2026-04-12,17,TS,123,вых/осн.,2,2,0,exact
2026-04-12,18,BVR,127,вых/осн.,1,1,0,exact
2026-04-12,18,C,127,вых/осн.,4,4,0,exact
2026-04-12,18,FF,127,вых/осн.,1,1,0,exact
2026-04-12,18,K,127,вых/осн.,6,6,0,exact
2026-04-12,18,TS,127,вых/осн.,2,2,0,exact
2026-04-12,19,BVR,112,вых/осн.,1,1,0,exact
2026-04-12,19,C,112,вых/осн.,4,4,0,exact
2026-04-12,19,FF,112,вых/осн.,1,1,0,exact
2026-04-12,19,K,112,вых/осн.,5,5,0,exact
2026-04-12,19,TS,112,вых/осн.,1,1,0,exact
2026-04-12,20,BVR,94,вых/осн.,1,1,0,exact
2026-04-12,20,C,94,вых/осн.,3,3,0,exact
2026-04-12,20,FF,94,вых/осн.,1,1,0,exact
2026-04-12,20,K,94,вых/осн.,5,5,0,exact
2026-04-12,20,TS,94,вых/осн.,1,1,0,exact
2026-04-12,21,BVR,79,вых/осн.,1,1,0,exact
2026-04-12,21,C,79,вых/осн.,3,3,0,exact
2026-04-12,21,FF,79,вых/осн.,1,1,0,exact
2026-04-12,21,K,79,вых/осн.,4,4,0,exact
2026-04-12,21,TS,79,вых/осн.,1,1,0,exact
2026-04-12,22,BVR,69,вых/осн.,1,1,0,exact
2026-04-12,22,C,69,вых/осн.,3,2,-1,under
2026-04-12,22,FF,69,вых/осн.,1,1,0,exact
2026-04-12,22,K,69,вых/осн.,4,4,0,exact
2026-04-12,22,TS,69,вых/осн.,1,1,0,exact
